"Morrongiello, J.R.1,2, & Thresher, R.E.1 A statistical framework to explore ontogenetic growth variation among individuals and populations: a marine fish example. Ecological Monographs",,,,,,,
"1 CSIRO Marine and Atmospheric Research, Wealth from Oceans Flagship, GPO Box 1538, Hobart, TAS 7001, Australia",,,,,,,
2 email: jrmorrongiello@gmail.com,,,,,,,
FishID,sex,AAC,Cohort,Age,Year,Increment,Temp
fish1014,F,6,2004,2,2005,0.283,14.66526688
fish1014,F,6,2004,3,2006,0.282,14.48516309
fish1014,F,6,2004,4,2007,0.234,14.79234124
fish1014,F,6,2004,5,2008,0.192,14.52391748
fish1014,F,6,2004,6,2009,0.195,14.52598808
fish1066,F,5,2005,2,2006,0.3,15.67758344
fish1066,M,5,2005,3,2007,0.213,15.43956808
fish1066,M,5,2005,4,2008,0.221,15.24655812
fish1066,M,5,2005,5,2009,0.093,15.28780887
fish107,M,5,1994,2,1995,0.268744,14.78242452
fish107,M,5,1994,3,1996,0.148768,14.96444369
fish107,M,5,1994,4,1997,0.135027,15.06422789
fish107,M,5,1994,5,1998,0.08878,15.4728694
fish1136,F,3,2007,2,2008,0.235,14.52391748
fish1136,F,3,2007,3,2009,0.248,14.52598808
fish1141,M,2,2008,2,2009,0.313,15.28780887
fish1151,F,3,2007,2,2008,0.317,14.52391748
fish1151,F,3,2007,3,2009,0.199,14.52598808
fish11710,F,4,1997,2,1998,0.165,14.19967359
fish11710,F,4,1997,3,1999,0.165,14.52785364
fish11710,F,4,1997,4,2000,0.172,14.65951973
fish1173,M,4,2006,2,2007,0.259,14.79234124
fish1173,F,4,2006,3,2008,0.29,14.52391748
fish1173,F,4,2006,4,2009,0.169,14.52598808
fish117560,M,5,1996,2,1997,0.218,15.06422789
fish117560,M,5,1996,3,1998,0.152,15.4728694
fish117560,M,5,1996,4,1999,0.135,15.42419541
fish117560,M,5,1996,5,2000,0.091,15.42405829
fish1204,M,4,2006,2,2007,0.311,14.79234124
fish1204,M,4,2006,3,2008,0.197,14.52391748
fish1204,M,4,2006,4,2009,0.162,14.52598808
fish1216,F,4,2006,2,2007,0.263,14.79234124
fish1216,F,4,2006,3,2008,0.158,14.52391748
fish1216,F,4,2006,4,2009,0.203,14.52598808
fish1223,M,7,2003,2,2004,0.343,12.88862844
fish1223,M,7,2003,3,2005,0.207,13.115
fish1223,M,7,2003,4,2006,0.147,13.23918719
fish1223,M,7,2003,5,2007,0.136,13.5798487
fish1223,M,7,2003,6,2008,0.161,13.19983522
fish1223,M,7,2003,7,2009,0.148,13.24283944
fish123,F,2,1998,2,1999,0.230594,14.52785364
fish1251,F,4,2006,2,2007,0.283,14.79234124
fish1251,M,4,2006,3,2008,0.211,14.52391748
fish1251,F,4,2006,4,2009,0.106,14.52598808
fish1294,M,2,2008,2,2009,0.279,14.52598808
fish131055,F,7,1995,2,1996,0.271,13.81741665
fish131055,F,7,1995,3,1997,0.168,14.12821449
fish131055,F,7,1995,4,1998,0.151,14.19967359
fish131055,F,7,1995,5,1999,0.073,14.52785364
fish131055,F,7,1995,6,2000,0.046,14.65951973
fish131055,F,7,1995,7,2001,0.077,14.84797534
fish1311,F,4,2006,2,2007,0.384,14.79234124
fish1311,M,4,2006,3,2008,0.162,14.52391748
fish13140,M,8,1994,2,1995,0.226,13.82865264
fish13140,M,8,1994,3,1996,0.129,13.81741665
fish13140,M,8,1994,4,1997,0.1,14.12821449
fish13140,M,8,1994,5,1998,0.094,14.19967359
fish13140,M,8,1994,6,1999,0.092,14.52785364
fish13140,M,8,1994,7,2000,0.059,14.65951973
fish13140,M,8,1994,8,2001,0.067,14.84797534
fish1332,M,4,2006,2,2007,0.227,14.79234124
fish1332,F,4,2006,3,2008,0.18,14.52391748
fish1332,F,4,2006,4,2009,0.205,14.52598808
fish1401,F,9,2001,2,2002,0.26,14.69568653
fish1401,F,9,2001,3,2003,0.183,14.25791924
fish1401,F,9,2001,4,2004,0.11,14.44545313
fish1401,F,9,2001,5,2005,0.14,14.66526688
fish1401,F,9,2001,6,2006,0.108,14.48516309
fish1401,F,9,2001,7,2007,0.114,14.79234124
fish1401,F,9,2001,8,2008,0.085,14.52391748
fish1401,F,9,2001,9,2009,0.117,14.52598808
fish1406,F,5,2005,2,2006,0.27,14.48516309
fish1406,F,5,2005,3,2007,0.21,14.79234124
fish1406,F,5,2005,4,2008,0.189,14.52391748
fish1406,F,5,2005,5,2009,0.183,14.52598808
fish1427,F,2,1996,2,1997,0.172745,15.06422789
fish1435,M,6,1992,2,1993,0.204555,15.06727237
fish1435,M,6,1992,3,1994,0.143176,15.11256542
fish1435,M,6,1992,4,1995,0.115294,14.78242452
fish1435,M,6,1992,5,1996,0.156672,14.96444369
fish1435,M,6,1992,6,1997,0.07391,15.06422789
fish1450,F,3,1995,2,1996,0.258545,13.81741665
fish1450,F,3,1995,3,1997,0.128708,14.12821449
fish1451,F,3,1995,2,1996,0.218207,13.81741665
fish1451,F,3,1995,3,1997,0.190476,14.12821449
fish1484,M,6,1992,2,1993,0.287764,14.71187457
fish1484,M,6,1992,3,1994,0.125156,14.09996376
fish1484,M,6,1992,4,1995,0.119466,13.82865264
fish1484,M,6,1992,5,1996,0.080592,13.81741665
fish1484,M,6,1992,6,1997,0.106508,14.12821449
fish1492,M,4,1994,2,1995,0.225822,13.82865264
fish1492,M,4,1994,3,1996,0.186263,13.81741665
fish1492,M,4,1994,4,1997,0.146099,14.12821449
fish1522,F,6,1992,2,1993,0.185708,14.71187457
fish1522,F,6,1992,3,1994,0.146341,14.09996376
fish1522,F,6,1992,4,1995,0.078403,13.82865264
fish1522,F,6,1992,5,1996,0.067939,13.81741665
fish1522,F,6,1992,6,1997,0.084217,14.12821449
fish1571,M,6,1992,2,1993,0.28571,14.71187457
fish1571,M,6,1992,3,1994,0.134157,14.09996376
fish1571,M,6,1992,4,1995,0.140265,13.82865264
fish1571,M,6,1992,5,1996,0.121939,13.81741665
fish1571,M,6,1992,6,1997,0.09142,14.12821449
fish1633,F,2,1997,2,1998,0.187163,14.19967359
fish1647,M,3,1996,2,1997,0.190566,15.06422789
fish1647,M,3,1996,3,1998,0.156136,15.4728694
fish1656,F,2,1997,2,1998,0.22739,15.4728694
fish1657,M,2,1997,2,1998,0.315094,15.4728694
fish1688,F,4,1995,2,1996,0.195632,14.96444369
fish1688,F,4,1995,3,1997,0.098565,15.06422789
fish1688,F,4,1995,4,1998,0.123701,15.4728694
fish1704,M,4,1995,2,1996,0.263371,14.96444369
fish1704,M,4,1995,3,1997,0.170495,15.06422789
fish1704,M,4,1995,4,1998,0.131681,15.4728694
fish1751,F,4,1996,2,1997,0.234217,14.12821449
fish1751,F,4,1996,3,1998,0.149293,14.19967359
fish1751,F,4,1996,4,1999,0.108286,14.52785364
fish1779,M,3,1997,2,1998,0.240245,14.19967359
fish1779,M,3,1997,3,1999,0.14023,14.52785364
fish1782,M,3,1997,2,1998,0.224738,14.19967359
fish1787,M,3,1997,2,1998,0.163335,14.19967359
fish1787,M,3,1997,3,1999,0.158031,14.52785364
fish1896,F,6,1994,2,1995,0.237633,13.82865264
fish1896,F,6,1994,3,1996,0.10986,13.81741665
fish1896,F,6,1994,4,1997,0.107313,14.12821449
fish1896,F,6,1994,5,1998,0.088148,14.19967359
fish1896,F,6,1994,6,1999,0.07282,14.52785364
fish1945,F,4,1996,2,1997,0.212307,14.12821449
fish1945,F,4,1996,3,1998,0.165811,14.19967359
fish1945,F,4,1996,4,1999,0.147044,14.52785364
fish1957,M,4,1996,2,1997,0.226916,14.12821449
fish1957,M,4,1996,3,1998,0.194121,14.19967359
fish1957,M,4,1996,4,1999,0.125229,14.52785364
fish1976,F,4,1996,2,1997,0.243693,14.12821449
fish1976,F,4,1996,3,1998,0.16428,14.19967359
fish1976,F,4,1996,4,1999,0.08214,14.52785364
fish1993,M,4,1996,2,1997,0.233322,15.06422789
fish1993,M,4,1996,3,1998,0.151209,15.4728694
fish1993,M,4,1996,4,1999,0.140693,15.42419541
fish1997,F,4,1996,2,1997,0.190331,15.06422789
fish1997,F,4,1996,3,1998,0.193307,15.4728694
fish1997,F,4,1996,4,1999,0.10968,15.42419541
fish2022,F,3,1997,2,1998,0.271716,15.4728694
fish2022,F,3,1997,3,1999,0.155705,15.42419541
fish2061,M,5,1995,2,1996,0.190871,13.81741665
fish2061,M,5,1995,3,1997,0.120241,14.12821449
fish2061,M,5,1995,4,1998,0.101628,14.19967359
fish2061,M,5,1995,5,1999,0.076715,14.52785364
fish2063,M,4,1996,2,1997,0.315546,14.12821449
fish2063,M,4,1996,3,1998,0.158737,14.19967359
fish2063,M,4,1996,4,1999,0.123821,14.52785364
fish2090,F,4,1996,2,1997,0.226224,14.12821449
fish2090,F,4,1996,3,1998,0.162114,14.19967359
fish2090,F,4,1996,4,1999,0.145877,14.52785364
fish2147,F,8,1992,2,1993,0.22876,14.71187457
fish2147,F,8,1992,3,1994,0.196793,14.09996376
fish2147,F,8,1992,4,1995,0.130309,13.82865264
fish2147,F,8,1992,5,1996,0.120112,13.81741665
fish2147,F,8,1992,6,1997,0.08328,14.12821449
fish2147,F,8,1992,7,1998,0.1083,14.19967359
fish2147,F,8,1992,8,1999,0.07471,14.52785364
fish2233,F,12,1988,2,1989,0.18916,13.5
fish2233,F,12,1988,3,1990,0.125188,13.47632421
fish2233,F,12,1988,4,1991,0.128923,12.97554709
fish2233,F,12,1988,5,1992,0.053791,13.03434628
fish2233,F,12,1988,6,1993,0.043563,13.16691547
fish2233,F,12,1988,7,1994,0.06678,12.79656212
fish2233,F,12,1988,8,1995,0.07233,12.58277105
fish2233,F,12,1988,9,1996,0.05285,12.61424634
fish2233,F,12,1988,10,1997,0.05935,12.763113
fish2233,F,12,1988,11,1998,0.03988,12.867843
fish2233,F,12,1988,12,1999,0.06028,13.3358261
fish2359,M,2,1998,2,1999,0.249931,14.52785364
fish2391,M,16,1986,2,1987,0.390303,12.80876153
fish2391,M,16,1986,3,1988,0.21411,13.41987143
fish2391,M,16,1986,4,1989,0.14799,13.5
fish2391,M,16,1986,5,1990,0.10075,13.47632421
fish2391,M,16,1986,6,1991,0.09202,12.97554709
fish2391,M,16,1986,7,1992,0.10075,13.03434628
fish2391,M,16,1986,8,1993,0.10697,13.16691547
fish2391,M,16,1986,9,1994,0.06716,12.79656212
fish2391,M,16,1986,10,1995,0.06965,12.58277105
fish2391,M,16,1986,11,1996,0.07711,12.61424634
fish2391,M,16,1986,12,1997,0.03359,12.763113
fish2391,M,16,1986,13,1998,0.06343,12.867843
fish2391,M,16,1986,14,1999,0.03859,13.3358261
fish2391,M,16,1986,15,2000,0.03479,13.4343535
fish2397,F,5,1997,2,1998,0.293561,12.867843
fish2397,F,5,1997,3,1999,0.21649,13.3358261
fish2397,F,5,1997,4,2000,0.153189,13.4343535
fish2397,F,5,1997,5,2001,0.09954,13.63533173
fish2426,M,3,1999,2,2000,0.195066,13.4343535
fish2426,M,3,1999,3,2001,0.158926,13.63533173
fish2445,M,3,1999,2,2000,0.374753,13.4343535
fish2445,M,3,1999,3,2001,0.184221,13.63533173
fish2507,M,7,1995,2,1996,0.352957,13.81741665
fish2507,M,7,1995,3,1997,0.238294,14.12821449
fish2507,M,7,1995,4,1998,0.134461,14.19967359
fish2507,M,7,1995,5,1999,0.12965,14.52785364
fish2507,M,7,1995,6,2000,0.09243,14.65951973
fish2507,M,7,1995,7,2001,0.054,14.84797534
fish2575,M,4,1998,2,1999,0.264527,13.3358261
fish2575,M,4,1998,3,2000,0.194007,13.4343535
fish2575,M,4,1998,4,2001,0.152012,13.63533173
fish2620,F,13,1989,2,1990,0.228337,13.13252402
fish2620,F,13,1989,3,1991,0.191139,12.67653229
fish2620,F,13,1989,4,1992,0.174941,12.73566974
fish2620,F,13,1989,5,1993,0.130745,12.67572309
fish2620,F,13,1989,6,1994,0.06138,12.67242829
fish2620,F,13,1989,7,1995,0.15186,12.44874157
fish2620,F,13,1989,8,1996,0.08862,12.73167427
fish2620,F,13,1989,9,1997,0.08348,12.67003135
fish2620,F,13,1989,10,1998,0.06028,12.76088396
fish2620,F,13,1989,11,1999,0.0744,13.17940723
fish2620,F,13,1989,12,2000,0.09146,13.28686461
fish2620,F,13,1989,13,2001,0.05131,13.29998619
fish2639,F,10,1992,2,1993,0.341785,12.67572309
fish2639,F,10,1992,3,1994,0.185619,12.67242829
fish2639,F,10,1992,4,1995,0.10299,12.44874157
fish2639,F,10,1992,5,1996,0.086975,12.73167427
fish2639,F,10,1992,6,1997,0.15874,12.67003135
fish2639,F,10,1992,7,1998,0.08461,12.76088396
fish2639,F,10,1992,8,1999,0.08282,13.17940723
fish2639,F,10,1992,9,2000,0.07136,13.28686461
fish2639,F,10,1992,10,2001,0.05693,13.29998619
fish2658,M,4,1998,2,1999,0.278913,13.17940723
fish2658,M,4,1998,3,2000,0.214722,13.28686461
fish2658,M,4,1998,4,2001,0.151092,13.29998619
fish2707,F,4,1998,2,1999,0.283589,14.52785364
fish2707,F,4,1998,3,2000,0.260602,14.65951973
fish2707,F,4,1998,4,2001,0.136762,14.84797534
fish2737,F,4,1998,2,1999,0.299441,14.52785364
fish2737,F,4,1998,3,2000,0.238189,14.65951973
fish2737,F,4,1998,4,2001,0.159369,14.84797534
fish2760,F,4,1998,2,1999,0.299601,14.52785364
fish2760,F,4,1998,3,2000,0.211744,14.65951973
fish2760,F,4,1998,4,2001,0.221491,14.84797534
fish2770,M,3,1999,2,2000,0.300242,14.65951973
fish2770,M,3,1999,3,2001,0.243684,14.84797534
fish2866,F,6,1996,2,1997,0.268389885,14.12821449
fish2866,F,6,1996,3,1998,0.159810278,14.19967359
fish2866,F,6,1996,4,1999,0.131269119,14.52785364
fish2866,F,6,1996,5,2000,0.115574921,14.65951973
fish2866,F,6,1996,6,2001,0.104445567,14.84797534
fish2877,M,4,1998,2,1999,0.28869664,14.52785364
fish2877,M,4,1998,3,2000,0.258933233,14.65951973
fish2877,M,4,1998,4,2001,0.132682215,14.84797534
fish2890,M,4,1998,2,1999,0.187477197,14.52785364
fish2890,M,4,1998,3,2000,0.228264713,14.65951973
fish2890,M,4,1998,4,2001,0.168502147,14.84797534
fish2929,M,4,1998,2,1999,0.385936,14.52785364
fish2929,M,4,1998,3,2000,0.225768,14.65951973
fish2929,M,4,1998,4,2001,0.114269,14.84797534
fish2954,M,3,1999,2,2000,0.270368,14.65951973
fish2954,M,3,1999,3,2001,0.195351,14.84797534
fish2964,M,3,1999,2,2000,0.294343,14.65951973
fish2964,M,3,1999,3,2001,0.218522,14.84797534
fish3000,F,4,1999,2,2000,0.232962,14.65951973
fish3000,F,4,1999,3,2001,0.16261,14.84797534
fish3000,F,4,1999,4,2002,0.089349,14.69568653
fish3047,F,4,1999,2,2000,0.192259,14.65951973
fish3047,F,4,1999,3,2001,0.277968,14.84797534
fish3047,F,4,1999,4,2002,0.175058,14.69568653
fish3052,M,4,1999,2,2000,0.296641,14.65951973
fish3052,M,4,1999,3,2001,0.220856,14.84797534
fish3052,M,4,1999,4,2002,0.147671,14.69568653
fish3095,F,2,2002,2,2003,0.28864,14.25791924
fish3157,M,5,1999,2,2000,0.326408,14.65951973
fish3157,M,5,1999,3,2001,0.200167,14.84797534
fish3157,M,5,1999,4,2002,0.136087,14.69568653
fish3157,M,5,1999,5,2003,0.17747,14.25791924
fish3170,F,7,1997,2,1998,0.260709,14.19967359
fish3170,F,7,1997,3,1999,0.16665,14.52785364
fish3170,F,7,1997,4,2000,0.163769,14.65951973
fish3170,F,7,1997,5,2001,0.19654,14.84797534
fish3170,F,7,1997,6,2002,0.12144,14.69568653
fish3170,F,7,1997,7,2003,0.07221,14.25791924
fish3193,F,8,1996,2,1997,0.214065,14.12821449
fish3193,F,8,1996,3,1998,0.247422,14.19967359
fish3193,F,8,1996,4,1999,0.14473,14.52785364
fish3193,F,8,1996,5,2000,0.12346,14.65951973
fish3193,F,8,1996,6,2001,0.12347,14.84797534
fish3193,F,8,1996,7,2002,0.08855,14.69568653
fish3193,F,8,1996,8,2003,0.07743,14.25791924
fish3219,F,6,1998,2,1999,0.225702,14.52785364
fish3219,F,6,1998,3,2000,0.183292,14.65951973
fish3219,F,6,1998,4,2001,0.118625,14.84797534
fish3219,F,6,1998,5,2002,0.09164,14.69568653
fish3219,F,6,1998,6,2003,0.14413,14.25791924
fish3220,F,4,2000,2,2001,0.263053,14.84797534
fish3220,F,4,2000,3,2002,0.232821,14.69568653
fish3220,F,4,2000,4,2003,0.251816,14.25791924
fish3240,F,6,1998,2,1999,0.235999,14.52785364
fish3240,F,6,1998,3,2000,0.185058,14.65951973
fish3240,F,6,1998,4,2001,0.152983,14.84797534
fish3240,F,6,1998,5,2002,0.142075,14.69568653
fish3240,F,6,1998,6,2003,0.13945,14.25791924
fish3255,M,4,2000,2,2001,0.218831,14.84797534
fish3255,M,4,2000,3,2002,0.187739,14.69568653
fish3255,M,4,2000,4,2003,0.143009,14.25791924
fish3290,F,6,1998,2,1999,0.276117,14.52785364
fish3290,F,6,1998,3,2000,0.24506,14.65951973
fish3290,F,6,1998,4,2001,0.09392,14.84797534
fish3290,F,6,1998,5,2002,0.07258,14.69568653
fish3290,F,6,1998,6,2003,0.08231,14.25791924
fish339,M,4,1999,2,2000,0.251724,14.65951973
fish339,M,4,1999,3,2001,0.257552,14.84797534
fish339,M,4,1999,4,2002,0.165276,14.69568653
fish3392,M,5,2000,2,2001,0.2226,14.84797534
fish3392,M,5,2000,3,2002,0.174868,14.69568653
fish3392,M,5,2000,4,2003,0.111088,14.25791924
fish3392,M,5,2000,5,2004,0.095458,14.44545313
fish3418,F,6,1999,2,2000,0.336847,14.65951973
fish3418,F,6,1999,3,2001,0.277529,14.84797534
fish3418,F,6,1999,4,2002,0.226532,14.69568653
fish3418,F,6,1999,5,2003,0.17311,14.25791924
fish3418,F,6,1999,6,2004,0.08187,14.44545313
fish3435,M,2,2003,2,2004,0.309105,15.31116723
fish3457,M,3,2002,2,2003,0.251936,15.43588121
fish3457,M,3,2002,3,2004,0.156435,15.31116723
fish3463,F,3,2002,2,2003,0.311365,15.43588121
fish3463,F,3,2002,3,2004,0.11897,15.31116723
fish3464,M,3,2002,2,2003,0.373464,15.43588121
fish3464,M,3,2002,3,2004,0.134328,15.31116723
fish3479,F,2,2003,2,2004,0.395967,15.31116723
fish348,F,2,2002,2,2003,0.273143,14.25791924
fish3490,F,3,2002,2,2003,0.182015,15.43588121
fish3490,F,3,2002,3,2004,0.218756,15.31116723
fish3515,F,7,1998,2,1999,0.366648,14.52785364
fish3515,F,7,1998,3,2000,0.198151,14.65951973
fish3515,F,7,1998,4,2001,0.169356,14.84797534
fish3515,F,7,1998,5,2002,0.16682,14.69568653
fish3515,F,7,1998,6,2003,0.12871,14.25791924
fish3515,F,7,1998,7,2004,0.04572,14.44545313
fish3556,M,2,2003,2,2004,0.320796,14.44545313
fish3588,F,5,2000,2,2001,0.22852,14.84797534
fish3588,F,5,2000,3,2002,0.222783,14.69568653
fish3588,F,5,2000,4,2003,0.197833,14.25791924
fish3588,F,5,2000,5,2004,0.21131,14.44545313
fish3589,M,5,2000,2,2001,0.289356,14.84797534
fish3589,M,5,2000,3,2002,0.190969,14.69568653
fish3589,M,5,2000,4,2003,0.177022,14.25791924
fish3589,M,5,2000,5,2004,0.1809,14.44545313
fish3601,M,6,1999,2,2000,0.224839,14.65951973
fish3601,M,6,1999,3,2001,0.210851,14.84797534
fish3601,M,6,1999,4,2002,0.160521,14.69568653
fish3601,M,6,1999,5,2003,0.11912,14.25791924
fish3601,M,6,1999,6,2004,0.11466,14.44545313
fish3608,M,5,2000,2,2001,0.265474,14.84797534
fish3608,M,5,2000,3,2002,0.126708,14.69568653
fish3608,M,5,2000,4,2003,0.136767,14.25791924
fish3608,M,5,2000,5,2004,0.122711,14.44545313
fish3612,M,5,2000,2,2001,0.350217,14.84797534
fish3612,M,5,2000,3,2002,0.209171,14.69568653
fish3612,M,5,2000,4,2003,0.237479,14.25791924
fish3612,M,5,2000,5,2004,0.15688,14.44545313
fish3620,F,6,1999,2,2000,0.348555,14.65951973
fish3620,F,6,1999,3,2001,0.197309,14.84797534
fish3620,F,6,1999,4,2002,0.151362,14.69568653
fish3620,F,6,1999,5,2003,0.12387,14.25791924
fish3620,F,6,1999,6,2004,0.1101,14.44545313
fish364,F,7,1997,2,1998,0.332932,14.19967359
fish364,F,7,1997,3,1999,0.165136,14.52785364
fish364,F,7,1997,4,2000,0.132232,14.65951973
fish364,F,7,1997,5,2001,0.15778,14.84797534
fish364,F,7,1997,6,2002,0.12355,14.69568653
fish364,F,7,1997,7,2003,0.11354,14.25791924
fish3644,F,5,2000,2,2001,0.362205,14.84797534
fish3644,F,5,2000,3,2002,0.231078,14.69568653
fish3644,F,5,2000,4,2003,0.1956,14.25791924
fish3644,F,5,2000,5,2004,0.13082,14.44545313
fish3650,F,6,1999,2,2000,0.297594,14.65951973
fish3650,F,6,1999,3,2001,0.213132,14.84797534
fish3650,F,6,1999,4,2002,0.213314,14.69568653
fish3650,F,6,1999,5,2003,0.12669,14.25791924
fish3650,F,6,1999,6,2004,0.10459,14.44545313
fish3666,F,4,2001,2,2002,0.335909,14.69568653
fish3666,F,4,2001,3,2003,0.242614,14.25791924
fish3666,F,4,2001,4,2004,0.194497,14.44545313
fish3679,F,4,2001,2,2002,0.231551,14.69568653
fish3679,F,4,2001,3,2003,0.220508,14.25791924
fish3679,F,4,2001,4,2004,0.140195,14.44545313
fish3685,M,4,2001,2,2002,0.275897,14.69568653
fish3685,M,4,2001,3,2003,0.186636,14.25791924
fish3685,M,4,2001,4,2004,0.107516,14.44545313
fish3704,F,4,2001,2,2002,0.187489,14.69568653
fish3704,F,4,2001,3,2003,0.155668,14.25791924
fish3704,F,4,2001,4,2004,0.153324,14.44545313
fish3723,F,4,2001,2,2002,0.175016,14.69568653
fish3723,F,4,2001,3,2003,0.122429,14.25791924
fish3723,F,4,2001,4,2004,0.153803,14.44545313
fish3826,F,5,2000,2,2001,0.285156,14.84797534
fish3826,F,5,2000,3,2002,0.167648,14.69568653
fish3826,F,5,2000,4,2003,0.154686,14.25791924
fish3826,F,5,2000,5,2004,0.136524,14.44545313
fish3838,M,4,2001,2,2002,0.2426,14.69568653
fish3838,M,4,2001,3,2003,0.187394,14.25791924
fish3838,M,4,2001,4,2004,0.149726,14.44545313
fish3847,M,6,1999,2,2000,0.185709,14.65951973
fish3847,M,6,1999,3,2001,0.08779,14.84797534
fish3847,M,6,1999,4,2002,0.132359,14.69568653
fish3847,M,6,1999,5,2003,0.115477,14.25791924
fish3847,M,6,1999,6,2004,0.060778,14.44545313
fish3849,F,4,2001,2,2002,0.220327,14.69568653
fish3849,F,4,2001,3,2003,0.125901,14.25791924
fish3849,F,4,2001,4,2004,0.161871,14.44545313
fish3850,M,4,2001,2,2002,0.221525,14.69568653
fish3850,M,4,2001,3,2003,0.109917,14.25791924
fish3850,M,4,2001,4,2004,0.116083,14.44545313
fish3855,M,4,2001,2,2002,0.206614,14.69568653
fish3855,M,4,2001,3,2003,0.187326,14.25791924
fish3855,M,4,2001,4,2004,0.14624,14.44545313
fish3862,M,5,2000,2,2001,0.150001,14.84797534
fish3862,M,5,2000,3,2002,0.120674,14.69568653
fish3862,M,5,2000,4,2003,0.120674,14.25791924
fish3862,M,5,2000,5,2004,0.092308,14.44545313
fish3964,F,12,1997,2,1998,0.229,12.76088396
fish3964,F,12,1997,3,1999,0.196,13.17940723
fish3964,F,12,1997,4,2000,0.145,13.28686461
fish3964,F,12,1997,5,2001,0.151,13.29998619
fish3964,F,12,1997,6,2002,0.143,13.03082248
fish3964,F,12,1997,7,2003,0.087,12.86523604
fish3964,F,12,1997,8,2004,0.092,12.65
fish3964,F,12,1997,9,2005,0.131,12.99820009
fish3964,F,12,1997,10,2006,0.121,13.1
fish3964,F,12,1997,11,2007,0.083,13.32978851
fish4006,M,5,2004,2,2005,0.262,14.66526688
fish4006,M,5,2004,3,2006,0.218,14.48516309
fish4006,M,5,2004,4,2007,0.125,14.79234124
fish4006,M,5,2004,5,2008,0.129,14.52391748
fish4007,F,6,2003,2,2004,0.257,13.94381916
fish4007,F,6,2003,3,2005,0.205,14.39627902
fish4007,F,6,2003,4,2006,0.161,14.10362741
fish4007,F,6,2003,5,2007,0.129,14.51709472
fish4007,F,6,2003,6,2008,0.125,14.34234136
fish4016,F,7,2002,2,2003,0.308,14.18357219
fish4016,F,7,2002,3,2004,0.19,13.94381916
fish4016,F,7,2002,4,2005,0.127,14.39627902
fish4016,F,7,2002,5,2006,0.14,14.10362741
fish4016,F,7,2002,6,2007,0.089,14.51709472
fish4016,F,7,2002,7,2008,0.072,14.34234136
fish4056,F,4,2005,2,2006,0.375,14.48516309
fish4056,F,4,2005,3,2007,0.285,14.79234124
fish4056,F,4,2005,4,2008,0.151,14.52391748
fish4080,M,6,2003,2,2004,0.323,13.94381916
fish4080,M,6,2003,3,2005,0.219,14.39627902
fish4080,M,6,2003,4,2006,0.137,14.10362741
fish4080,M,6,2003,5,2007,0.132,14.51709472
fish4080,M,6,2003,6,2008,0.151,14.34234136
fish4088,M,4,2005,2,2006,0.257,14.10362741
fish4088,M,4,2005,3,2007,0.298,14.51709472
fish4088,M,4,2005,4,2008,0.24,14.34234136
fish4105,M,5,2004,2,2005,0.297,14.39627902
fish4105,M,5,2004,3,2006,0.253,14.10362741
fish4105,M,5,2004,4,2007,0.109,14.51709472
fish4105,M,5,2004,5,2008,0.092,14.34234136
fish4145,F,3,2006,2,2007,0.278,14.51709472
fish4145,F,3,2006,3,2008,0.156,14.34234136
fish4217,M,5,2004,2,2005,0.242,15.38585949
fish4217,F,5,2004,3,2006,0.246,15.67758344
fish4217,F,5,2004,4,2007,0.204,15.43956808
fish4217,F,5,2004,5,2008,0.155,15.24655812
fish4239,M,3,2006,2,2007,0.248,15.43956808
fish4239,M,3,2006,3,2008,0.248,15.24655812
fish4241,M,7,2002,2,2003,0.257,15.43588121
fish4241,M,7,2002,3,2004,0.147,15.31116723
fish4241,F,7,2002,4,2005,0.108,15.38585949
fish4241,F,7,2002,5,2006,0.139,15.67758344
fish4241,M,7,2002,6,2007,0.146,15.43956808
fish4241,M,7,2002,7,2008,0.137,15.24655812
fish426,F,6,1999,2,2000,0.237959,14.65951973
fish426,F,6,1999,3,2001,0.213663,14.84797534
fish426,F,6,1999,4,2002,0.141741,14.69568653
fish426,F,6,1999,5,2003,0.13965,14.25791924
fish426,F,6,1999,6,2004,0.12931,14.44545313
fish4337,M,4,2005,2,2006,0.287,14.48516309
fish4337,M,4,2005,3,2007,0.193,14.79234124
fish4337,M,4,2005,4,2008,0.176,14.52391748
fish4338,M,6,2003,2,2004,0.227,14.44545313
fish4338,M,6,2003,3,2005,0.217,14.66526688
fish4338,M,6,2003,4,2006,0.162,14.48516309
fish4338,M,6,2003,5,2007,0.099,14.79234124
fish4338,M,6,2003,6,2008,0.138,14.52391748
fish4361,M,6,2003,2,2004,0.314,14.44545313
fish4361,M,6,2003,3,2005,0.235,14.66526688
fish4361,M,6,2003,4,2006,0.199,14.48516309
fish4361,M,6,2003,5,2007,0.194,14.79234124
fish4361,M,6,2003,6,2008,0.194,14.52391748
fish4375,F,7,2002,2,2003,0.278,14.00589093
fish4375,M,7,2002,3,2004,0.166,14.15119745
fish4375,F,7,2002,4,2005,0.101,14.54534737
fish4375,M,7,2002,5,2006,0.097,14.38506704
fish4375,F,7,2002,6,2007,0.097,14.71432288
fish4375,M,7,2002,7,2008,0.063,14.53003713
fish4419,F,6,2003,2,2004,0.289,14.44545313
fish4419,F,6,2003,3,2005,0.103,14.66526688
fish4419,F,6,2003,4,2006,0.183,14.48516309
fish4419,F,6,2003,5,2007,0.204,14.79234124
fish4419,F,6,2003,6,2008,0.124,14.52391748
fish4429,M,4,2005,2,2006,0.281,15.67758344
fish4429,M,4,2005,3,2007,0.258,15.43956808
fish4429,M,4,2005,4,2008,0.134,15.24655812
fish4492,F,6,2003,2,2004,0.241,14.44545313
fish4492,M,6,2003,3,2005,0.233,14.66526688
fish4492,M,6,2003,4,2006,0.222,14.48516309
fish4492,F,6,2003,5,2007,0.14,14.79234124
fish4492,F,6,2003,6,2008,0.085,14.52391748
fish4547,M,6,2003,2,2004,0.281,13.94381916
fish4547,M,6,2003,3,2005,0.181,14.39627902
fish4547,M,6,2003,4,2006,0.205,14.10362741
fish4547,M,6,2003,5,2007,0.104,14.51709472
fish4547,M,6,2003,6,2008,0.13,14.34234136
fish456,M,17,1988,2,1989,0.296506,14.63282683
fish456,M,17,1988,3,1990,0.238166,14.49153968
fish456,M,17,1988,4,1991,0.11404,14.12928853
fish456,M,17,1988,5,1992,0.12783,14.35820326
fish456,M,17,1988,6,1993,0.08699,14.71187457
fish456,M,17,1988,7,1994,0.0732,14.09996376
fish456,M,17,1988,8,1995,0.08222,13.82865264
fish456,M,17,1988,9,1996,0.10556,13.81741665
fish456,M,17,1988,10,1997,0.06365,14.12821449
fish4585,M,6,2003,2,2004,0.27,14.44545313
fish4585,M,6,2003,3,2005,0.16,14.66526688
fish4585,M,6,2003,4,2006,0.103,14.48516309
fish4585,M,6,2003,5,2007,0.191,14.79234124
fish4585,M,6,2003,6,2008,0.109,14.52391748
fish4598,F,4,2005,2,2006,0.247,14.48516309
fish4598,F,4,2005,3,2007,0.273,14.79234124
fish4598,F,4,2005,4,2008,0.197,14.52391748
fish461,M,6,1999,2,2000,0.343835,14.65951973
fish461,M,6,1999,3,2001,0.166905,14.84797534
fish461,M,6,1999,4,2002,0.18585,14.69568653
fish461,M,6,1999,5,2003,0.16157,14.25791924
fish461,M,6,1999,6,2004,0.09766,14.44545313
fish4625,F,5,2004,2,2005,0.328,14.39627902
fish4625,F,5,2004,3,2006,0.195,14.10362741
fish4625,F,5,2004,4,2007,0.124,14.51709472
fish4625,F,5,2004,5,2008,0.157,14.34234136
fish4634,M,3,2006,2,2007,0.286,14.51709472
fish4634,M,3,2006,3,2008,0.245,14.34234136
fish4668,F,3,2007,2,2008,0.256,14.52391748
fish4668,F,3,2007,3,2009,0.203,14.52598808
fish4709,M,7,2003,2,2004,0.288,14.44545313
fish4709,M,7,2003,3,2005,0.207,14.66526688
fish4709,M,7,2003,4,2006,0.181,14.48516309
fish4709,M,7,2003,5,2007,0.174,14.79234124
fish4709,M,7,2003,6,2008,0.172,14.52391748
fish4709,M,7,2003,7,2009,0.109,14.52598808
fish471,F,3,2002,2,2003,0.487129,14.25791924
fish471,F,3,2002,3,2004,0.29548,14.44545313
fish4737,M,5,2005,2,2006,0.247,14.48516309
fish4737,M,5,2005,3,2007,0.261,14.79234124
fish4737,F,5,2005,4,2008,0.158,14.52391748
fish4737,M,5,2005,5,2009,0.213,14.52598808
fish4748,M,4,2006,2,2007,0.258,14.79234124
fish4748,F,4,2006,3,2008,0.265,14.52391748
fish4748,F,4,2006,4,2009,0.184,14.52598808
fish4869,M,5,2005,2,2006,0.247,14.10362741
fish4869,M,5,2005,3,2007,0.252,14.51709472
fish4869,M,5,2005,4,2008,0.188,14.34234136
fish4887,F,7,2003,2,2004,0.253,13.94381916
fish4887,F,7,2003,3,2005,0.246,14.39627902
fish4887,F,7,2003,4,2006,0.156,14.10362741
fish4887,F,7,2003,5,2007,0.179,14.51709472
fish4887,F,7,2003,6,2008,0.113,14.34234136
fish4898,F,7,2003,2,2004,0.196,14.44545313
fish4898,F,7,2003,3,2005,0.187,14.66526688
fish4898,F,7,2003,4,2006,0.133,14.48516309
fish4898,F,7,2003,5,2007,0.095,14.79234124
fish4898,F,7,2003,6,2008,0.103,14.52391748
fish4912,F,6,2004,2,2005,0.231,15.38585949
fish4912,F,6,2004,3,2006,0.203,15.67758344
fish4912,F,6,2004,4,2007,0.176,15.43956808
fish4912,F,6,2004,5,2008,0.194,15.24655812
fish4912,F,6,2004,6,2009,0.196,15.28780887
fish4922,M,7,2003,2,2004,0.327,14.44545313
fish4922,M,7,2003,3,2005,0.174,14.66526688
fish4922,M,7,2003,4,2006,0.199,14.48516309
fish4922,M,7,2003,5,2007,0.116,14.79234124
fish4922,M,7,2003,6,2008,0.128,14.52391748
fish4922,M,7,2003,7,2009,0.096,14.52598808
fish4923,F,7,2003,2,2004,0.303,14.44545313
fish4923,F,7,2003,3,2005,0.12,14.66526688
fish4923,F,7,2003,4,2006,0.135,14.48516309
fish4923,F,7,2003,5,2007,0.157,14.79234124
fish4923,F,7,2003,6,2008,0.143,14.52391748
fish4923,F,7,2003,7,2009,0.101,14.52598808
fish4938,F,3,2007,2,2008,0.375,14.52391748
fish4938,F,3,2007,3,2009,0.176,14.52598808
fish4942,F,4,2006,2,2007,0.338,14.79234124
fish4942,F,4,2006,3,2008,0.257,14.52391748
fish4942,F,4,2006,4,2009,0.153,14.52598808
fish4946,F,3,2007,2,2008,0.319,14.52391748
fish4946,F,3,2007,3,2009,0.251,14.52598808
fish4952,M,4,2006,2,2007,0.346,14.79234124
fish4952,M,4,2006,3,2008,0.164,14.52391748
fish4952,M,4,2006,4,2009,0.145,14.52598808
fish4958,F,7,2003,2,2004,0.295,14.44545313
fish4958,F,7,2003,3,2005,0.131,14.66526688
fish4958,F,7,2003,4,2006,0.132,14.48516309
fish4958,F,7,2003,5,2007,0.107,14.79234124
fish4958,F,7,2003,6,2008,0.103,14.52391748
fish4958,F,7,2003,7,2009,0.054,14.52598808
fish4962,F,3,2007,2,2008,0.356,14.52391748
fish4962,F,3,2007,3,2009,0.206,14.52598808
fish5052,F,5,2005,2,2006,0.304,14.48516309
fish5052,M,5,2005,3,2007,0.231,14.79234124
fish5052,F,5,2005,4,2008,0.15,14.52391748
fish5052,M,5,2005,5,2009,0.144,14.52598808
fish5090,M,4,2006,2,2007,0.319,14.79234124
fish5090,M,4,2006,3,2008,0.209,14.52391748
fish5090,M,4,2006,4,2009,0.163,14.52598808
fish5106,M,3,2007,2,2008,0.382,14.52391748
fish5106,M,3,2007,3,2009,0.194,14.52598808
fish5150,M,5,2005,2,2006,0.263,14.48516309
fish5150,M,5,2005,3,2007,0.236,14.79234124
fish5150,M,5,2005,4,2008,0.151,14.52391748
fish5150,F,5,2005,5,2009,0.164,14.52598808
fish518,F,4,2001,2,2002,0.218664,14.69568653
fish518,F,4,2001,3,2003,0.256435,14.25791924
fish518,F,4,2001,4,2004,0.15338,14.44545313
fish5187,F,7,2003,2,2004,0.242,14.44545313
fish5187,F,7,2003,3,2005,0.172,14.66526688
fish5187,M,7,2003,4,2006,0.156,14.48516309
fish5187,M,7,2003,5,2007,0.167,14.79234124
fish5187,F,7,2003,6,2008,0.093,14.52391748
fish5187,F,7,2003,7,2009,0.172,14.52598808
fish5238,M,8,2002,2,2003,0.191,14.25791924
fish5238,M,8,2002,3,2004,0.131,14.44545313
fish5238,M,8,2002,4,2005,0.204,14.66526688
fish5238,M,8,2002,5,2006,0.139,14.48516309
fish5238,M,8,2002,6,2007,0.075,14.79234124
fish5238,M,8,2002,7,2008,0.072,14.52391748
fish5238,M,8,2002,8,2009,0.086,14.52598808
fish524,F,4,2001,2,2002,0.230454,14.69568653
fish524,F,4,2001,3,2003,0.234967,14.25791924
fish524,F,4,2001,4,2004,0.165617,14.44545313
fish5288,F,4,2006,2,2007,0.286,14.79234124
fish5288,F,4,2006,3,2008,0.157,14.52391748
fish5288,F,4,2006,4,2009,0.221,14.52598808
fish532,M,6,1999,2,2000,0.345354,14.65951973
fish532,M,6,1999,3,2001,0.190175,14.84797534
fish532,M,6,1999,4,2002,0.102946,14.69568653
fish532,M,6,1999,5,2003,0.05476,14.25791924
fish532,M,6,1999,6,2004,0.11461,14.44545313
fish5413,M,2,2008,2,2009,0.274,14.52598808
fish5430,M,4,1999,2,2000,0.273,14.65951973
fish5430,M,4,1999,3,2001,0.193,14.84797534
fish5430,M,4,1999,4,2002,0.116,14.69568653
fish5503,F,13,1993,2,1994,0.229,12.79656212
fish5503,F,13,1993,3,1995,0.173,12.58277105
fish5503,F,13,1993,4,1996,0.136,12.61424634
fish5503,F,13,1993,5,1997,0.119,12.763113
fish5503,F,13,1993,6,1998,0.116,12.867843
fish5503,F,13,1993,7,1999,0.078,13.3358261
fish5503,F,13,1993,8,2000,0.085,13.4343535
fish5503,F,13,1993,9,2001,0.054,13.63533173
fish5503,F,13,1993,10,2002,0.091,13.37345341
fish5503,F,13,1993,11,2003,0.072,13.0602898
fish5503,F,13,1993,12,2004,0.077,12.88862844
fish5503,F,13,1993,13,2005,0.077,13.115
fish5586,F,14,1971,2,1972,0.229,14.05883277
fish5586,F,14,1971,3,1973,0.136,14.09366005
fish5586,F,14,1971,4,1974,0.112,14.02585941
fish5586,F,14,1971,5,1975,0.08,13.88751149
fish5586,F,14,1971,6,1976,0.066,14.12971963
fish5586,F,14,1971,7,1977,0.074,13.94517061
fish5586,F,14,1971,8,1978,0.043,14.06477433
fish5586,F,14,1971,9,1979,0.07,13.76614286
fish5586,F,14,1971,10,1980,0.059,13.928643
fish5586,F,14,1971,11,1981,0.056,14.07006677
fish5586,F,14,1971,12,1982,0.056,14.18382109
fish5586,F,14,1971,13,1983,0.066,14.21136662
fish5586,F,14,1971,14,1984,0.035,14.0837214
fish587,M,5,2000,2,2001,0.203074,14.84797534
fish587,M,5,2000,3,2002,0.146486,14.69568653
fish587,M,5,2000,4,2003,0.156944,14.25791924
fish587,M,5,2000,5,2004,0.10082,14.44545313
fish655,F,9,2000,2,2001,0.307,13.29998619
fish655,F,9,2000,3,2002,0.142,13.03082248
fish655,F,9,2000,4,2003,0.247,12.86523604
fish655,F,9,2000,5,2004,0.198,12.65
fish655,F,9,2000,6,2005,0.122,12.99820009
fish655,F,9,2000,7,2006,0.141,13.1
fish655,F,9,2000,8,2007,0.076,13.32978851
fish662,F,9,2000,2,2001,0.254,14.84797534
fish662,F,9,2000,3,2002,0.228,14.69568653
fish662,F,9,2000,4,2003,0.161,14.25791924
fish662,F,9,2000,5,2004,0.165,14.44545313
fish662,F,9,2000,6,2005,0.151,14.66526688
fish662,F,9,2000,7,2006,0.154,14.48516309
fish662,F,9,2000,8,2007,0.126,14.79234124
fish672,M,7,2002,2,2003,0.289,14.25791924
fish672,M,7,2002,3,2004,0.171,14.44545313
fish672,M,7,2002,4,2005,0.112,14.66526688
fish672,M,7,2002,5,2006,0.075,14.48516309
fish672,M,7,2002,6,2007,0.078,14.79234124
fish744,F,6,2003,2,2004,0.265,13.94381916
fish744,F,6,2003,3,2005,0.192,14.39627902
fish744,F,6,2003,4,2006,0.248,14.10362741
fish744,F,6,2003,5,2007,0.13,14.51709472
fish744,F,6,2003,6,2008,0.123,14.34234136
fish767,F,6,2003,2,2004,0.269,13.94381916
fish767,F,6,2003,3,2005,0.144,14.39627902
fish767,F,6,2003,4,2006,0.108,14.10362741
fish767,F,6,2003,5,2007,0.2,14.51709472
fish767,F,6,2003,6,2008,0.07,14.34234136
fish781,M,2,2007,2,2008,0.238,15.24655812
fish82230,M,5,1993,2,1994,0.193,14.09996376
fish82230,M,5,1993,3,1995,0.146,13.82865264
fish82230,M,5,1993,4,1996,0.118,13.81741665
fish82230,M,5,1993,5,1997,0.1,14.12821449
fish836,M,2,2007,2,2008,0.316,15.24655812
fish91655,F,4,1994,2,1995,0.214,13.82865264
fish91655,F,4,1994,3,1996,0.17,13.81741665
fish91655,F,4,1994,4,1997,0.118,14.12821449
fish98,F,4,1995,2,1996,0.236127,14.96444369
fish98,F,4,1995,3,1997,0.187906,15.06422789
fish98,F,4,1995,4,1998,0.098528,15.4728694
fishPr1005,F,3,2004,2,2005,0.198176689,16.05480745
fishPr1005,F,3,2004,3,2006,0.143617548,16.53863353
fishPr1065,F,3,2004,2,2005,0.258495648,16.05480745
fishPr1065,F,3,2004,3,2006,0.23003478,16.53863353
fishPr346,M,2,2004,2,2005,0.201159141,16.05480745
fishPr397,F,2,2004,2,2005,0.195800919,16.05480745
fishPr405,F,2,2004,2,2005,0.185779439,16.05480745
fishPr419,F,2,2004,2,2005,0.194617574,16.05480745
fishPr497,F,2,2004,2,2005,0.210608642,16.05480745
fishPr542,M,2,2004,2,2005,0.193132079,16.05480745
fishPr558,M,2,2005,2,2006,0.200262328,16.53863353
fishPr574,F,2,2005,2,2006,0.22553492,16.53863353
fishPr594,M,2,2005,2,2006,0.270149958,16.53863353
fishPr614,M,5,2002,2,2003,0.193372697,16.24224296
fishPr614,M,5,2002,3,2004,0.16090059,16.26352574
fishPr614,M,5,2002,4,2005,0.125319591,16.05480745
fishPr614,M,5,2002,5,2006,0.108060168,16.53863353
fishPr680,M,2,2005,2,2006,0.232641355,16.53863353
fishPr702,F,2,2005,2,2006,0.206021844,16.53863353
fishPr707,F,2,2005,2,2006,0.230360587,16.53863353
